Unnamed: 0,x,y,EC_0.30,EC_0.60,EC_1.00,EC_2.00,EC_end,pos
0,107719.9937888889,183326.6925333333,86.19534015830419,91.99561821736737,58.46894752514986,25.815861940939023,44.553591092786064,1
1,107755.86151818182,183331.1214,36.63928120261656,28.214755342333152,23.70106816711076,25.29468743913902,30.80908811857467,2
2,107797.93544545454,183278.9048727273,77.93465837145597,83.87027598541084,67.88710728926442,69.15812081633209,83.58838235372812,3
3,107764.40281538464,183318.4132153846,13.654017418233977,18.395508589826683,26.37327715883061,21.44051377623189,9.117126841614922,4
4,107723.42537142856,183309.4027142857,94.33460284104468,76.2363347171442,69.29155669809829,72.36097988496601,34.5478502674878,5
5,107742.897625,183330.1258375,62.38870012633195,42.27500279238689,36.317113611975,32.666559212380214,29.41850390706862,6
6,107806.755275,183274.783715,86.45292936953926,77.37502225592714,85.43476691206683,96.55761509402043,84.93820361160951,7
7,107758.59206,183312.54344,35.88346287805742,26.773617327341675,20.929285499192883,20.79924226546872,26.574191970487774,8
8,107776.02779,183310.31861,69.90724309857256,76.91062564513132,85.84528601287423,91.81119261549566,78.0712117485947,9
9,107726.3215,183318.8376333333,94.50436627823004,90.20647168476374,86.4286482437917,84.68490244424315,53.22970816706571,10
10,107766.74172,183327.35406,24.46785440750153,27.4611188822148,29.94180385784606,24.72553791170071,35.46790948476058,11
11,107777.31210000002,183299.6196181818,75.80522874136493,84.76072812930715,71.6852208900198,90.34217773845678,67.1127221533664,12
12,107751.80372307693,183298.45846153845,77.75389795114006,87.28815745405744,94.5153161744078,85.80186559674317,57.776712598135845,13
13,107732.68432857144,183327.4764857143,85.66008378805826,65.13274701846676,71.99685705204796,78.3636484487441,52.661666077549306,14
14,107776.3765111111,183291.22352222225,82.13892110392081,97.30378281127744,89.56738128257015,85.9530132850823,70.50380108247747,15
