,coilconfig,slope,intercept
0,HCPHQP,1.9708789518103669,-27.49700870670896
1,PRPHQP,1.558046954737541,-2.719338199652949
2,HCP1QP,1.680089094408074,-44.43689986650321
3,PRP1QP,1.4860318991209447,-9.299734967136992
4,HCP2QP,1.4867836959365628,-45.50110429912914
5,PRP2QP,1.515828458158033,-26.346475800458123
